(+) Linderatin;CC(C)[C@H]1CCC(=C[C@@H]1c2c(O)cc(O)c(C(=O)CCc3ccccc3)c2O)C
(-) epi-Adunctin E;COc1cc(O)c(C(=O)CCc2ccccc2)c3O[C@@H]4[C@@H]([C@H](CC[C@]4(C)OC)C(C)C)c13
(-) Linderatin;CC(C)[C@@H]1CCC(=C[C@@H]1c2c(O)cc(O)c(C(=O)CCc3ccccc3)c2O)C
(-) Methyllinderatin;COc1cc(O)c(C(=O)CCc2ccccc2)c(O)c1[C@H]3C=C(C)CC[C@H]3C(C)C
(-) Neolinderatin;CC(C)[C@@H]1CCC(=C[C@@H]1c2c(O)c([C@H]3C=C(C)CC[C@H]3C(C)C)c(O)c(C(=O)CCc4ccccc4)c2O)C
(±) Adunctin B;COc1cc(O)c(C(=O)CCc2ccccc2)c3O[C@@]4(C)C=C[C@@H](C[C@H]4c13)C(C)C
1000268-43-8;COc1c(O)ccc(C(=O)CCc2ccc(O)cc2)c1O
100634-10-4;Oc1ccc(C(=O)CCc2ccc(O)c(O)c2)c(O)c1
104937-47-5 (R);Oc1cc(O)c(C(=O)CCc2ccccc2)c3OC(=O)C[C@@H](c4ccccc4)c13
1051926-06-7;OC[C@H]1O[C@@H](Oc2cc(O)c([C@@H]3O[C@H](CO)[C@@H](O)[C@H](O)[C@H]3O)c(O)c2C(=O)CCc4ccccc4)[C@H](O)[C@@H](O)[C@@H]1O
1088-08-0;Oc1cc(O)c(C(=O)CCc2ccccc2)c(O)c1
113866-89-0;CC(=CCC\C(=C\Cc1c(O)c(O)ccc1CCC(=O)c2ccc(O)cc2O)\C)C
113900-91-7;COc1ccc(C(=O)CCc2ccc(OC)c(O)c2C\C=C(/C)\CCC=C(C)C)c(O)c1
116980-99-5;CC(C)[C@H]1CCC(=CC1c2c(OC(=O)C)cc(OC(=O)C)c(C(=O)CCc3ccccc3)c2OC(=O)C)C
117614-80-9 (R);COc1cc(O)ccc1C(=O)[C@H](O)Cc2ccc(O)c(O)c2
117614-80-9 (S);COc1cc(O)ccc1C(=O)[C@@H](O)Cc2ccc(O)c(O)c2
117614-82-1 (R);COc1cc(O)ccc1C(=O)[C@H](O)Cc2ccc(O)cc2
117614-82-1 (S);COc1cc(O)ccc1C(=O)[C@@H](O)Cc2ccc(O)cc2
1177716-02-7;O[C@H]1[C@H](O)[C@@H](COC(=O)c2cc(O)c(O)c(O)c2)O[C@@H](Oc3cc(O)c(C(=O)CCc4ccc(O)cc4)c(O)c3)[C@@H]1O
117842-21-4;COc1c(O)c(C(=O)CCc2ccccc2)c(OC)c(OC)c1OC
1196133-44-4;COc1c(C)c(O)cc(O)c1CCC(=O)c2ccccc2
1198475-52-3;COc1c(C)c(O)c(C(=O)CCc2ccc(O)cc2)c(OC)c1C
1198475-53-4;COc1cc(O)c(C(=O)CCc2ccc(O)cc2)c(OC)c1C
1208232-15-8;O[C@@H]1[C@@H](O)[C@H](Oc2ccc(CCC(=O)c3c(O)cc(O)cc3O)cc2)O[C@@H]([C@H]1O)C(=O)O
121781-36-0;COc1cc(O)cc(O)c1C(=O)CCc2ccc3OCOc3c2
121781-37-1 (RR);COc1ccc(CCC(=O)c2c(OC)cc(OC)c(C([C@H](C)[C@H](C)Cc3ccc(OC)cc3)c4ccc(OC)cc4)c2OC)cc1
121781-37-1 (RS);COc1ccc(CCC(=O)c2c(OC)cc(OC)c(C([C@H](C)[C@@H](C)Cc3ccc(OC)cc3)c4ccc(OC)cc4)c2OC)cc1
121781-37-1 (SR);COc1ccc(CCC(=O)c2c(OC)cc(OC)c(C([C@@H](C)[C@H](C)Cc3ccc(OC)cc3)c4ccc(OC)cc4)c2OC)cc1
121781-37-1 (SS);COc1ccc(CCC(=O)c2c(OC)cc(OC)c(C([C@@H](C)[C@@H](C)Cc3ccc(OC)cc3)c4ccc(OC)cc4)c2OC)cc1
1222818-87-2;COc1cc(OC)c(C(=O)CCc2ccccc2)c(O)c1OC
122585-63-1;COc1cc(O)c(C\C=C(/C)\CCC=C(C)C)c(O)c1C(=O)CCc2ccc(O)c(O)c2
123134-05-4;COc1ccc(CCC(=O)c2ccc(O)cc2O)c(C\C=C(/C)\CCC=C(C)C)c1OC
125574-35-8;Cc1c(O)c2[C@@H](O)CC(C)(C)Oc2c(C(=O)CCc3ccccc3)c1O
125574-36-9;Cc1c(O)c2C[C@@H](O)C(C)(C)Oc2c(C(=O)CCc3ccccc3)c1O
1263062-45-8;C[C@H]1OC(Oc2cc(O)cc(O)c2C(=O)CCc3ccccc3)[C@@H](O)[C@@H](O)[C@@H]1O
1265619-21-3;O[C@H]1CO[C@H](Oc2cc(CCC(=O)c3c(O)cc(O)cc3O)ccc2O)[C@@H](O)[C@@H]1O
130893-62-8;COc1ccc(CCC(=O)c2c(O)cc(O)cc2OC)cc1OC
1320346-19-7;OC[C@H]1O[C@@H](Oc2ccccc2C(=O)CCc3ccccc3)[C@H](O)[C@@H](O)[C@@H]1O
133347-38-3 (R);O[C@H](CC(=O)c1ccc(O)cc1O)c2ccccc2
133347-38-3 (S);O[C@@H](CC(=O)c1ccc(O)cc1O)c2ccccc2
135383-81-2;Oc1cc(O)c(C(=O)CCc2ccccc2)c(O)c1C=O
137196-97-5;COc1ccc2[C@H](CC(=O)c3c(O)cc(O)cc3O)[C@H](Cc2c1OC)C(C)(C)O
1379647-91-2;O[C@@H]1[C@@H](COC(=O)c2ccc(O)cc2)O[C@@H](Oc3cc(O)ccc3C(=O)CCc4ccc(O)cc4)[C@H](O)[C@H]1O
1379647-92-3;OC[C@H]1O[C@@H](Oc2cc(O)ccc2C(=O)CCc3ccc(O)cc3)[C@H](OC(=O)c4ccc(O)cc4)[C@@H](O)[C@@H]1O
1379647-93-4;OC[C@H]1O[C@@H](Oc2cc(O)ccc2C(=O)CCc3ccc(O)cc3)[C@H](O)[C@@H](OC(=O)c4ccc(O)cc4)[C@@H]1O
1379647-94-5;COc1cc(cc(OC)c1O)C(=O)OC[C@H]2O[C@@H](Oc3cc(O)ccc3C(=O)CCc4ccc(O)cc4)[C@H](O)[C@@H](O)[C@@H]2O
1391982-39-0;COc1c(CCC(=O)c2ccccc2)c(O)c(c(OC)c1OC)c3c(O)c(CCC(=O)c4ccccc4)c(OC)c(OC)c3OC
139644-40-9;COc1cc(O)c(C(=O)CCc2ccc(O)cc2)c(OC)c1OC
1422280-06-5;OC[C@H]1O[C@@H](Oc2cc(O)cc(O)c2C(=O)CCc3ccc(Oc4cc(O)c(O)cc4C5=CC(=O)c6c(O[C@@H]7O[C@H](CO)[C@@H](O)[C@H](O)[C@H]7O)cc(O)cc6O5)cc3)[C@H](O)[C@@H](O)[C@@H]1O
145544-40-7;COc1cc(O)ccc1C(=O)CCc2ccccc2
1459216-74-0;COc1cc(O)c(Cc2ccccc2O)c(O)c1C(=O)CCc3ccc(O)cc3
1469493-57-9;COc1cc(O)cc(OC)c1C(=O)CCc2ccc(O)cc2
15097-74-2;Oc1ccc(cc1)C(=O)CCc2ccc(O)cc2O
151752-07-7;COc1cc(O)c(CCC(=O)c2ccc(O)cc2)c(OC)c1
151752-08-8;COc1cc(O)cc(OC)c1CCC(=O)c2ccc(O)cc2
155205-26-8;COC1=C(Oc2c(Cc3c(O)c(C(=O)CCc4ccccc4)c(O)c(C)c3OC)c(O)cc(O)c2C1=O)c5ccccc5
155205-27-9;COC1=C(Oc2c(Cc3c(OC)c(C)c(OC)c(C(=O)CCc4ccccc4)c3OC)c(OC)cc(OC)c2C1=O)c5ccc(OC)cc5
155205-28-0;COC1=C(Oc2c(Cc3c(OC)c(C)c(OC)c(C(=O)CCc4ccccc4)c3OC)c(OC)cc(OC)c2C1=O)c5ccccc5
155205-29-1;COc1cc(O)c(C(=O)CCc2cc(C)c(O)c(C)c2)c(O)c1
156728-62-0;OC[C@H]1O[C@@H](Oc2cccc(O)c2C(=O)CCc3ccc(OC(=O)c4ccccc4)cc3)[C@H](O)[C@@H](O)[C@@H]1O
156788-64-6;CC(=CCC\C(=C/Cc1cc(CCC(=O)c2c(O)cc(O)cc2O)cc(CC=C(C)C)c1O)\C)C
156788-65-7;CC(=CCc1cc(CCC(=O)c2c(O)cc(O)cc2O)cc(CC=C(C)C)c1O)C
157528-83-1;COc1cc(O)c(C(=O)CCc2ccc(OC)c(OC)c2)c(O)c1
1602512-80-0;COc1ccc(CCC(=O)c2c(O)c(Cc3ccccc3O)c(O)cc2OC)cc1
1608149-24-1;O[C@@H]1CO[C@@H](Oc2cc(O)cc(O)c2C(=O)CCc3ccc(O)cc3)[C@H](O)[C@H]1O
1609489-49-7;C[C@H]1O[C@H](OC[C@H]2O[C@@H](Oc3cc(O)cc(O)c3C(=O)CCc4ccc(O)cc4)[C@@H](O)[C@H](O)[C@@H]2O)[C@@H](O)[C@@H](O)[C@@H]1O
1616781-50-0;OC[C@@]1(O)CO[C@@H](OC[C@H]2O[C@@H](Oc3cc(O)cc(O)c3C(=O)CCc4ccc(O)cc4)[C@H](O)[C@@H](O)[C@@H]2O)[C@@H]1O
1622944-95-9;OC[C@H]1O[C@H]([C@H](O)[C@@H](O)[C@@H]1O)c2cc(CCC(=O)c3c(O)cc(O)cc3O)cc([C@H]4O[C@H](CO)[C@@H](O)[C@H](O)[C@H]4O)c2O
163630-14-6;COc1ccc(CCC(=O)c2c(OC(=O)C)cc(OC(=O)C)c([C@H]([C@H](C)[C@@H](C)Cc3ccc(OC(=O)C)cc3)c4ccc(OC(=O)C)cc4)c2OC(=O)C)cc1
1637325-52-0;CC(=CCc1cc(CCC(=O)c2c(O)cc3OC(C)(C)CCc3c2O)ccc1O)C
1637325-53-1;CC1(C)CCc2c(O)c(C(=O)CCc3ccc4O[C@]5(C)CCCC(C)(C)[C@@H]5Cc4c3)c(O)cc2O1
163748-93-4;COc1ccc(CCC(=O)c2c(OC(=O)C)cc(OC(=O)C)c([C@H]([C@@H](C)[C@H](C)Cc3ccc(OC(=O)C)cc3)c4ccc(OC(=O)C)cc4)c2OC(=O)C)cc1
163860-19-3;C[C@@H](Cc1ccc(O)cc1)[C@@H](C)[C@H](c2ccc(O)cc2)c3c(O)cc(O)c(C(=O)CCc4ccc5OCCc5c4)c3O
1665292-77-2;CC(=CCC\C(=C\Cc1cc(CCC(=O)c2c(O)cc(O)c(CC=C(C)C)c2O)ccc1O)\C)C
171828-56-1;COc1c(O)cc(CCC(=O)c2c(O)cc(O)c(CC=C(C)C)c2O)cc1CC=C(C)C
171828-57-2;COc1c(O)cc(CCC(=O)c2c(O)cc3OC(C)(C)CCc3c2O)cc1CC=C(C)C
179003-87-3;COc1c(ccc2occc12)C(=O)CCc3ccc4OCOc4c3
1801581-11-2;COC(C)(C)CCC\C(=C\Cc1c(O)c(O)ccc1CCC(=O)c2ccc(O)cc2O)\C
1801581-14-5 (R);CC(C)(O)CCC[C@]1(C)CCc2c(CCC(=O)c3ccc(O)cc3O)ccc(O)c2O1
1801581-14-5 (S);CC(C)(O)CCCC1(C)CCc2c(CCC(=O)c3ccc(O)cc3O)ccc(O)c2O1
1801581-15-6 (R);COC(C)(C)CCC[C@]1(C)CCc2c(CCC(=O)c3ccc(O)cc3O)ccc(O)c2O1
1801581-15-6 (S);COC(C)(C)CCC[C@@]1(C)CCc2c(CCC(=O)c3ccc(O)cc3O)ccc(O)c2O1
1801581-16-7 (RR);CC(C)(O)CCC[C@@]1(C)Oc2c(O)ccc(CCC(=O)c3ccc(O)cc3O)c2C[C@H]1O
1801581-16-7 (RS);CC(C)(O)CCC[C@@]1(C)Oc2c(O)ccc(CCC(=O)c3ccc(O)cc3O)c2C[C@@H]1O
1801581-16-7 (SR);CC(C)(O)CCC[C@]1(C)Oc2c(O)ccc(CCC(=O)c3ccc(O)cc3O)c2C[C@H]1O
1801581-16-7 (SS);CC(C)(O)CCC[C@]1(C)Oc2c(O)ccc(CCC(=O)c3ccc(O)cc3O)c2C[C@@H]1O
1802513-27-4;OC[C@H]1O[C@@H](Oc2cc(O)ccc2C(=O)CCc3ccccc3)[C@H](O)[C@@H](O)[C@@H]1O
180995-55-5 (R);COc1ccc(C(=O)CCc2ccc(OC)c3O[C@](C)(CCC=C(C)C)C=Cc23)c(O)c1
180995-55-5 (S);COc1ccc(C(=O)CCc2ccc(OC)c3O[C@@](C)(CCC=C(C)C)C=Cc23)c(O)c1
1810049-80-9;COc1ccc(cc1)C(=O)CCc2ccc(O)cc2OC
1810701-00-8;COc1cc(OC)c(CCC(=O)c2ccc(O)cc2)c(OC)c1O
1810726-06-7 (S);CO[C@@H]1Cc2c(CCC(=O)c3ccc(O)cc3O)ccc(O)c2O1
1823102-91-5;COc1ccc(C(=O)C[C@@H](O)c2ccccc2)c(O)c1OC
1883337-95-8 (R);CC(=CCC[C@@]1(C)Oc2c(O)ccc(CCC(=O)c3ccc(O)cc3O)c2C=C1)C
1883337-95-8 (S);CC(=CCC[C@]1(C)Oc2c(O)ccc(CCC(=O)c3ccc(O)cc3O)c2C=C1)C
188438-69-9;COc1ccc(cc1)C2=C(O)C(=O)c3c(O)cc(O)c(Cc4c(O)c(C(=O)CCc5ccc(O)cc5)c(O)c(C)c4OC)c3O2
188438-71-3;COC1=C(Oc2c(Cc3c(O)c(C(=O)CCc4ccc(O)cc4)c(O)c(C)c3OC)c(O)cc(O)c2C1=O)c5ccc(OC)cc5
188438-72-4;COC1=C(Oc2c(Cc3c(O)c(C(=O)CCc4ccc(O)cc4)c(O)c(C)c3OC)c(O)cc(O)c2C1=O)c5ccccc5
188438-73-5;COC1=C(Oc2c(Cc3c(OC)c(C)c(OC)c(C(=O)CCc4ccc(OC)cc4)c3OC)c(OC)cc(OC)c2C1=O)c5ccc(OC)cc5
188438-74-6;COC1=C(Oc2c(Cc3c(OC)c(C)c(OC)c(C(=O)CCc4ccc(OC)cc4)c3OC)c(OC)cc(OC)c2C1=O)c5ccccc5
1885097-49-3;OC[C@H]1O[C@@H](Oc2cc(O)c(C(=O)CCc3ccccc3)c(O)c2)[C@H](O)[C@@H](OC(=O)c4cc(O)c(O)c(O)c4)[C@@H]1O
192222-56-3;COc1c(Cc2cc(Cc3cc(Cc4ccccc4O)ccc3O)ccc2O)c(O)c(Cc5ccccc5O)c(O)c1C(=O)CCc6ccccc6
192222-59-6;COc1c(Cc2ccccc2O)c(O)c(Cc3cc(Cc4cc(Cc5ccccc5O)ccc4O)ccc3O)c(O)c1C(=O)CCc6ccccc6
19253-17-9;C[C@H]1O[C@H](Oc2cc(O)cc(O)c2C(=O)CCc3ccc(O)cc3)[C@@H](O)[C@@H](O)[C@@H]1O
19445-31-9 (R);CC(C)CCC[C@]1(C)CCc2c(O)c(cc(O)c2O1)C(=O)CCc3c(O)cccc3O
19445-31-9 (S);CC(C)CCC[C@@]1(C)CCc2c(O)c(cc(O)c2O1)C(=O)CCc3c(O)cccc3O
19445-32-0 (R);CC(C)CCC[C@]1(C)CCc2c(O)c(cc(O)c2O1)C(=O)CCc3cc(O)ccc3O
19445-32-0 (S);CC(C)CCC[C@@]1(C)CCc2c(O)c(cc(O)c2O1)C(=O)CCc3cc(O)ccc3O
196863-37-3;COc1cc(O)ccc1CCC(=O)c2ccccc2
198137-78-9;COc1ccc(CCC(=O)c2c(O)cc(O)c(c2O)c3c(O)cc(O)c(C(=O)CCc4ccc(OC)cc4)c3O)cc1
2'-O-Methylphloretin;COc1cc(O)cc(O)c1C(=O)CCc2ccc(O)cc2
2001064-93-1;C[C@H]1O[C@@H](O[C@H]2[C@@H](O)[C@@H](C)O[C@H]([C@@H]2OC(=O)\C=C\c3ccc(O)cc3)c4c(O)cc(O)c(C(=O)CCc5ccc(O)cc5)c4O)[C@H](O)[C@@H](O)[C@H]1O
2002462-11-3;OC[C@H]1O[C@@H](O[C@H]2C(O)[C@H](O)[C@@H](CO)O[C@H]2Oc3cc(O)cc(O)c3C(=O)CCc4ccc(O)cc4)C(O)[C@H]1O
202535-12-4 (R);CC(=CCC\C(=C\COc1ccc(C(=O)[C@H](O)Cc2ccc(O)cc2)c(O)c1)\C)C
202535-12-4 (S);CC(=CCC\C(=C\COc1ccc(C(=O)[C@@H](O)Cc2ccc(O)cc2)c(O)c1)\C)C
2032374-09-5;O[C@@H]1CO[C@@H](Oc2cc(O)c(C(=O)CCc3ccc(O)c(O)c3)c(O)c2)[C@H](O)[C@H]1O
2032374-10-8;O[C@@H]1CO[C@@H](Oc2cc(O)c(C(=O)CCc3ccc(O)c(O)c3)c(O)c2)[C@@H](O)[C@@H]1O
2032374-11-9;O[C@H]1CO[C@@H](Oc2cc(O)c(C(=O)CCc3ccc(O)c(O)c3)c(O)c2)[C@@H](O)[C@@H]1O
2032374-12-0;O[C@H]1CO[C@H](Oc2cc(O)c(C(=O)CCc3ccc(O)c(O)c3)c(O)c2)[C@@H](O)[C@@H]1O
2032374-16-4;C[C@H]1O[C@@H](Oc2cc(O)c(C(=O)CCc3ccc(O)c(O)c3)c(O)c2)[C@@H](O)[C@@H](O)[C@@H]1O
2032374-18-6;O[C@@H]1COC(Oc2cc(O)cc(O)c2C(=O)CCc3ccc(O)c(O)c3)[C@@H](O)[C@@H]1O
2032374-19-7;O[C@@H]1CO[C@@H](Oc2cc(O)cc(O)c2C(=O)CCc3ccc(O)c(O)c3)[C@@H](O)[C@@H]1O
2032374-20-0;O[C@H]1CO[C@H](Oc2cc(O)cc(O)c2C(=O)CCc3ccc(O)c(O)c3)[C@H](O)[C@@H]1O
2032374-21-1;O[C@@H]1CO[C@@H](Oc2cc(O)cc(O)c2C(=O)CCc3ccc(O)c(O)c3)[C@H](O)[C@H]1O
2032374-33-5;C[C@H]1O[C@H](Oc2cc(O[C@H]3O[C@H](CO)[C@@H](O)[C@H](O)[C@H]3O)cc(O)c2C(=O)CCc4ccc(O)c(O)c4)[C@@H](O)[C@@H](O)[C@@H]1O
2032374-35-7;C[C@H]1O[C@H](Oc2cc(O)c(C(=O)CCc3ccc(O)c(O)c3)c(O[C@H]4O[C@@H](CO)[C@H](O)[C@@H](O)[C@@H]4O)c2)[C@@H](O)[C@@H](O)[C@@H]1O
2032374-37-9;OC[C@H]1O[C@@H](Oc2cc(O)c(C(=O)CCc3ccc(O)c(O)c3)c(O[C@@H]4O[C@H](CO)[C@H](O)[C@H](O)[C@H]4O)c2)[C@H](O)[C@@H](O)[C@H]1O
2032374-39-1;C[C@H]1O[C@H](Oc2cc(O[C@@H]3O[C@H](CO)[C@H](O)[C@H](O)[C@H]3O)cc(O)c2C(=O)CCc4ccc(O)c(O)c4)[C@@H](O)[C@@H](O)[C@@H]1O
2032374-41-5;C[C@H]1OC(Oc2cc(O)c(C(=O)CCc3ccc(O)c(O)c3)c(OC4O[C@H](CO)[C@H](O)[C@H](O)[C@H]4O)c2)[C@@H](O)[C@@H](O)[C@@H]1O
2032374-43-7;C[C@@H]1O[C@H](OC[C@H]2O[C@@H](Oc3cc(O)c(C(=O)CCc4ccc(O)c(O)c4)c(O)c3)[C@H](O)[C@@H](O)[C@@H]2O)[C@H](O)[C@H](O)[C@H]1O
2032374-46-0;O[C@H]1CO[C@H](OC[C@H]2O[C@@H](Oc3cc(O)c(C(=O)CCc4ccc(O)c(O)c4)c(O)c3)[C@H](O)[C@@H](O)[C@@H]2O)[C@@H](O)[C@@H]1O
2032374-53-9;OC[C@H]1O[C@@H](O[C@@H]2[C@@H](O)[C@H](O)[C@@H](CO)O[C@H]2Oc3cc(O)c(C(=O)CCc4ccc(O)c(O)c4)c(O)c3)[C@@H](O)[C@H](O)[C@@H]1O
2032374-54-0;C[C@@H]1O[C@H](OC[C@H]2O[C@@H](Oc3cc(O)cc(O)c3C(=O)CCc4ccc(O)c(O)c4)[C@H](O)C(O)[C@@H]2O)[C@H](O)[C@H](O)[C@H]1O
2032374-55-1;C[C@H]1O[C@H](OC[C@H]2O[C@@H](Oc3cc(O)cc(O)c3C(=O)CCc4ccc(O)c(O)c4)[C@H](O)[C@@H](O)[C@@H]2O)[C@@H](O)[C@@H](O)[C@@H]1O
2032374-56-2;O[C@H]1CO[C@H](OC[C@H]2OC(Oc3cc(O)cc(O)c3C(=O)CCc4ccc(O)c(O)c4)[C@H](O)[C@@H](O)[C@@H]2O)[C@@H](O)[C@@H]1O
2032374-57-3;OC[C@H]1O[C@H](Oc2cc(O)cc(O)c2C(=O)CCc3ccc(O)c(O)c3)[C@H](O[C@H]4OC[C@H](O)C(O)C4O)C(O)[C@@H]1O
2032374-58-4;OC[C@H]1O[C@@H](Oc2cc(O)cc(O)c2C(=O)CCc3ccc(O)c(O)c3)[C@H](OC4OC[C@H](O)[C@@H](O)C4O)C(O)[C@@H]1O
2032374-59-5;OC[C@H]1OC(O[C@@H]2[C@@H](O)[C@H](O)[C@@H](CO)O[C@H]2Oc3cc(O)cc(O)c3C(=O)CCc4ccc(O)c(O)c4)[C@@H](O)[C@H](O)[C@@H]1O
2032374-60-8;OC[C@H]1O[C@@H](O[C@@H]2[C@@H](O)[C@H](O)[C@@H](CO)O[C@H]2Oc3cc(O)cc(O)c3C(=O)CCc4ccc(O)c(O)c4)[C@@H](O)[C@H](O)[C@@H]1O
205109-18-8;CC(=CCC\C(=C\Cc1c(O)cc(O)c(C(=O)CCc2cc(O)c3OC(C)(C)C=Cc3c2)c1O)\C)C
205109-19-9;CC(=CCC\C(=C\Cc1c(O)cc(O)c(C(=O)CCc2cc(O)c(O)c(CC=C(C)C)c2)c1O)\C)C
205109-20-2;CC(=CCc1cc(CCC(=O)c2c(O)cc(O)c(CC=C(C)C)c2O)cc(O)c1O)C
205109-21-3;CC1(C)Oc2c(O)cc(CCC(=O)c3c(O)cc4O[C@@]5(C)CCCC(C)(C)[C@H]5Cc4c3O)cc2C=C1
205109-22-4;CC1(C)Oc2c(O)cc(CCC(=O)c3c(O)cc(O)c4C[C@@H]5C(C)(C)CCC[C@]5(C)Oc34)cc2C=C1
205109-23-5 (R);CC(C)(O)CCC[C@]1(C)CCc2c(O)c(C(=O)CCc3cc(O)c4OC(C)(C)C=Cc4c3)c(O)cc2O1
205109-23-5 (S);CC(C)(O)CCC[C@@]1(C)CCc2c(O)c(C(=O)CCc3cc(O)c4OC(C)(C)C=Cc4c3)c(O)cc2O1
205109-24-6 (R);CC(C)(O)CCC[C@]1(C)CCc2c(O)cc(O)c(C(=O)CCc3cc(O)c4OC(C)(C)C=Cc4c3)c2O1
205109-24-6 (S);CC(C)(O)CCCC1(C)CCc2c(O)cc(O)c(C(=O)CCc3cc(O)c4OC(C)(C)C=Cc4c3)c2O1
2055142-01-1;COc1cc(O)c(CC(CC=C(C)C)C(=C)C)c(O)c1C(=O)CCc2ccc(O)cc2O
2058292-98-9;O[C@@H]1[C@@H](COC(=O)\C=C\c2ccc(O)cc2)O[C@@H](Oc3cc(O)c(C(=O)CCc4ccc(O)cc4)c(O)c3)[C@H](O)[C@H]1O
2058292-99-0;COc1cc(\C=C\C(=O)OC[C@H]2O[C@@H](Oc3cc(O)c(C(=O)CCc4ccc(O)cc4)c(O)c3)[C@H](O)[C@@H](O)[C@H]2O)ccc1O
209861-22-3;COc1cc(O)c(CCC(=O)c2ccccc2)c(OC)c1OC
215598-63-3;COc1cc(O)cc(OC)c1C(=O)CCc2ccccc2
220443-00-5 (R);COc1cc(O)cc(O)c1C(=O)C[C@@H](O)c2ccc(O)cc2
220443-00-5 (S);COc1cc(O)cc(O)c1C(=O)C[C@H](O)c2ccc(O)cc2
22141-31-7;COc1ccc(C(=O)CCc2ccccc2)c(O)c1
222159-58-2;O[C@H](Cc1ccc(O)c(O)c1)C(=O)c2ccc(O)cc2O
23050-05-7;CC(C)CCc1cc(CCC(=O)c2ccc(O)c(CCC(C)C)c2O)cc3CCC(C)(C)Oc13
23050-06-8;CC(C)CCc1cc(CCC(=O)c2ccc(OC(=O)C)c(CCC(C)C)c2OC(=O)C)cc3CCC(C)(C)Oc13
25324-31-6;OC[C@H]1O[C@@H](Oc2cc(O)c(C(=O)CCc3ccc(O)cc3)c(O[C@@H]4O[C@H](CO)[C@@H](O)[C@H](O)[C@H]4O)c2)[C@H](O)[C@@H](O)[C@@H]1O
260781-99-5;COc1ccc(CCC(=O)c2c(O)cc(O[C@@H]3OC(CO[C@H]4O[C@@H](CO)[C@H](O)[C@@H](O)[C@@H]4O)[C@@H](O)[C@H](O)[C@H]3O[C@@H]5O[C@H](C)[C@@H](O)[C@H](O)[C@@H]5O)cc2O)cc1O
279219-89-5;COc1cc(OC)c(OC)c(O)c1CCC(=O)c2ccccc2
3',4,5'-trihydroxy-4'-methoxydihydrochalcone;COc1cc(O[C@@H]2O[C@H](CO)[C@@H](O)[C@H](O)C2O)c(C(=O)CCc3ccc(O)cc3)c(O[C@@H]4O[C@H](CO)[C@@H](O)[C@H](O)C4O)c1
3-Hydroxyphloretin 2'-xyloglucoside;OC[C@H]1O[C@@H](Oc2cc(O)cc(O)c2C(=O)CCc3ccc(O)c(O)c3)[C@H](O[C@@H]4OC[C@@H](O)[C@H](O)[C@H]4O)[C@@H](O)[C@@H]1O
3-Hydroxyphloridzin;OC[C@H]1O[C@@H](Oc2cc(O)cc(O)c2C(=O)CCc3ccc(O)c(O)c3)[C@H](O)[C@@H](O)[C@@H]1O
3-OH-asebotin;COc1cc(O)c(C(=O)CCc2ccc(O)c(O)c2)c(O[C@@H]3O[C@H](CO)[C@@H](O)[C@H](O)[C@H]3O)c1
3-OH-phloretin;Oc1cc(O)c(C(=O)CCc2ccc(O)c(O)c2)c(O)c1
307500-80-7;COc1ccc(C(=O)CCc2ccc(O)cc2)c(OC)c1
307991-34-0;CC(=O)OCC1O[C@@H](Oc2cc(O)cc(O)c2C(=O)CCc3ccc(O)cc3)[C@H](O)[C@@H](O)[C@@H]1O
31018-48-1;OC[C@H]1O[C@@H](Oc2cc(O)cc(O)c2C(=O)CCc3ccccc3)[C@H](O)[C@@H](O)[C@@H]1O
3516-95-8;Oc1ccccc1C(=O)CCc2ccccc2
35241-55-5;COc1cc(O)c(C(=O)CCc2ccccc2)c(O)c1
4'-O-Methyldavidigenin;COc1ccc(C(=O)CCc2ccc(O)cc2)c(O)c1
4'-O-Methyldavidioside;COc1ccc(C(=O)CCc2ccc(O)cc2)c(O[C@@H]3O[C@H](CO)[C@@H](O)[C@H](O)[C@H]3O)c1
4-Methoxyphlorizin;COc1ccc(CCC(=O)c2c(O)cc(O)cc2O[C@@H]3O[C@H](CO)[C@@H](O)[C@H](O)[C@H]3O)cc1
4-O-Methyldavidigenin;COc1ccc(CCC(=O)c2ccc(O)cc2O)cc1
41350-95-2;COc1ccc(CCC(=O)c2c(OC)cc(O)cc2OC)cc1
41350-96-3;COc1cc(OC)c(C(=O)CCc2ccc(O)cc2)c(OC)c1
4232-30-8;CC(=O)OC[C@H]1O[C@@H](Oc2cc(OC(=O)C)c(C(=O)CCc3ccc(OC(=O)C)cc3)c(OC(=O)C)c2)[C@H](OC(=O)C)[C@@H](OC(=O)C)[C@@H]1OC(=O)C
09.03.4311;CC(=O)OC[C@H]1O[C@@H](Oc2cc(OC(=O)C)c(C(=O)CCc3ccc(OC(=O)C)c(OC(=O)C)c3)c(OC(=O)C)c2)[C@H](OC(=O)C)[C@@H](OC(=O)C)[C@@H]1OC(=O)C
486425-53-0;COc1cc(CCC(=O)c2c(O)cccc2O[C@@H]3O[C@H](CO)[C@H](O)[C@H](O)[C@H]3O)cc(OC)c1OC
50773-33-6;COc1ccc(CCC(=O)c2cc3CCC(C)(C)Oc3c(CCC(C)C)c2O)c(OC)c1
51857-10-4 (R);COc1ccc(CCC(=O)c2c(O)c(C[C@@H](CCC(C)C)C(C)C)c(OC)cc2OC)c(OC)c1
51857-10-4 (S);COc1ccc(CCC(=O)c2c(O)c(C[C@H](CCC(C)C)C(C)C)c(OC)cc2OC)c(OC)c1
53596-71-7;Oc1ccc(C(=O)CCc2ccccc2)c(O)c1
61463-10-3;COc1cc(O)c(C(=O)CCc2ccccc2)c(O)c1Cc3ccccc3O
620611-78-1;C[C@H]1O[C@H](OC[C@H]2O[C@@H](Oc3cc(O)c(C(=O)CCc4ccc(O)c(O)c4)c(O)c3)[C@H](O)[C@@H](O)[C@@H]2O)[C@@H](O)[C@@H](O)[C@@H]1O
622851-66-5;COc1cc(OC)c(C(=O)CCc2ccc3OCOc3c2)c(OC)c1
64490-08-0;Oc1ccc(CCC(=O)c2c(O)cccc2O)cc1
65236-01-3;COc1cc(O)c(C(=O)CCc2ccc(OC)c(OC)c2)c(OC)c1
70155-33-8;Cc1c(O)cc(O)c(C(=O)CCc2ccccc2)c1O
72463-72-0;COc1cc(CCC(=O)c2ccc(O)cc2O)ccc1O
73519-16-1;OC[C@H]1O[C@@H](Oc2cc(O)c(C(=O)CCc3ccccc3)c(O)c2)[C@H](O)[C@@H](O)[C@@H]1O
75679-58-2;COc1ccc(CCC(=O)c2c(O)cc(O)cc2OC)cc1
76015-51-5;CC(=CCC\C(=C/Cc1c(O)c(O)c(O)c(C(=O)CCc2ccc(O)cc2)c1O)\C)C
76015-53-7;CC(=CCC\C(=C/Cc1c(OC(=O)C)c(OC(=O)C)c(OC(=O)C)c(C(=O)CCc2ccc(OC(=O)C)cc2)c1OC(=O)C)\C)C
77129-43-2;COc1c(OC(=O)C)c(C(=O)CCc2ccccc2)c(OC(=O)C)c3CCC(C)(C)Oc13
77412-21-6;COc1ccc(C[C@@H](O)C(=O)c2ccc(OC)cc2O)cc1
7768-13-0;COc1ccc(CCC(=O)c2c(O)c([C@@H]3O[C@H](CO)[C@@H](O)[C@@H](O)[C@@H]3O)c(OC)cc2OC)cc1OC
81119-34-8;OC[C@H]1O[C@@H](Oc2cc(O)ccc2C(=O)CC(=O)c3ccc(O)cc3)[C@H](O)[C@@H](O)[C@@H]1O
850650-32-7;COc1cc(O)c(C(=O)CCc2ccc(O)cc2)c(O[C@@H]3O[C@H](CO)C(=O)[C@H](O)[C@H]3O)c1
850650-33-8;COc1cc(O)c(C(=O)CCc2ccc(O)c(O)c2)c(O[C@@H]3O[C@H](CO)[C@@H](O)[C@H](O)[C@H]3OC(=O)C)c1
850650-34-9;COc1c(O[C@@H]2O[C@H](CO)[C@@H](O)[C@H](O)[C@H]2O)cc(cc1O[C@@H]3O[C@H](CO)[C@@H](O)[C@H](O)[C@H]3O)C(=O)CCc4ccc(O)cc4
88126-55-0;O[C@H](Cc1ccc(O)cc1)C(=O)c2ccc(O)cc2O
920492-58-6;O[C@H]1CO[C@H](OC[C@H]2O[C@@H](Oc3cc(O)cc(O)c3C(=O)CCc4ccc(O)cc4)[C@H](O)[C@@H](O)[C@H]2O)[C@@H](O)[C@@H]1O
936135-02-3;OC[C@H]1O[C@@H](Oc2cc(O)cc(O)c2C(=O)CCc3ccc(O)cc3)[C@H](O[C@H]4OC[C@H](O)[C@@H](O)[C@@H]4O)[C@@H](O)[C@@H]1O
943029-47-8;CC1=C[C@@H]2[C@H](CC1)C(C)(C)Oc3c(O)ccc(CCC(=O)c4ccc(O)cc4O)c23
943029-48-9 (R);CC(=CCC[C@@]1(C)Oc2c(O)ccc(CCC(=O)c3ccc(O)cc3O)c2CC1O)C
943029-48-9 (S);CC(=CCC[C@]1(C)Oc2c(O)ccc(CCC(=O)c3ccc(O)cc3O)c2CC1O)C
943029-49-0 (R);CC1(C)OC1\C=C\[C@]2(C)Oc3c(O)ccc(CCC(=O)c4ccc(O)cc4O)c3C=C2
943029-49-0 (S);CC1(C)OC1\C=C\[C@@]2(C)Oc3c(O)ccc(CCC(=O)c4ccc(O)cc4O)c3C=C2
943029-50-3 (R);CC(C)(O)\C=C\C[C@@]1(C)Oc2c(O)ccc(CCC(=O)c3ccc(O)cc3O)c2C=C1
943029-50-3 (S);CC(C)(O)\C=C\C[C@]1(C)Oc2c(O)ccc(CCC(=O)c3ccc(O)cc3O)c2C=C1
943029-51-4 (R);C\C(=C/Cc1c(O)c(O)ccc1CCC(=O)c2ccc(O)cc2O)\CC[C@@H](O)C(=C)C
943029-51-4 (S);C\C(=C/Cc1c(O)c(O)ccc1CCC(=O)c2ccc(O)cc2O)\CC[C@H](O)C(=C)C
94385-84-9;COc1ccc(CCC(=O)c2c(OC)cc(O)cc2OC)cc1OC
950169-43-4;COc1ccc(CCC(=O)c2ccc(O)cc2OC)cc1
95868-65-8;CC(=O)Oc1cc(OC(=O)C)c(C(=O)CCc2ccc(OC(=O)C)c(OC(=O)C)c2)c(OC(=O)C)c1
96400-40-7 (R);CO[C@H](CC(=O)c1ccc(OC)cc1OC)c2ccc3OCOc3c2
96400-40-7 (S);CO[C@@H](CC(=O)c1ccc(OC)cc1OC)c2ccc3OCOc3c2
96400-41-8 (R);CO[C@H](CC(=O)c1ccc2OCOc2c1)c3ccc(OC)cc3OC
96400-41-8 (S);CO[C@@H](CC(=O)c1ccc2OCOc2c1)c3ccc(OC)cc3OC
a,ß-Dihydroxanthohumol;CC(=CCc1c(O)cc(O)c(C(=O)CCc2ccc(O)cc2)c1O)C
Abacopterin L;COc1ccc(cc1)C(=O)CCc2c(O)c(C)c(O)c(C)c2O[C@@H]3O[C@H](COC(=O)C)[C@@H](O)C(O)[C@H]3O
Acumitin;Oc1ccccc1Cc2c(O)c(C(=O)CCc3ccccc3)c4Oc5ccccc5C(=O)c4c2O
Adunctin A;COc1cc(O)c(C(=O)CCc2ccccc2)c(O[C@]3(CCC(=CC3)C)C(C)C)c1
Adunctin C;COc1cc(O)c(C(=O)CCc2ccccc2)c3O[C@@]4(CC[C@@H](C=C4)C(C)C)Cc13
Adunctin D;COc1cc(O)c(C(=O)CCc2ccccc2)c3O[C@@]4(CC[C@H](C=C4)C(C)C)Cc13
Adunctin E;COc1cc(O)c(C(=O)CCc2ccccc2)c3O[C@H]4[C@H]([C@@H](CC[C@]4(C)OO)C(C)C)c13
Amoenin A;OC[C@@H]1O[C@H](O[C@@H]2[C@@H](O)[C@H](O)[C@@H](CO)O[C@H]2Oc3cc(O)c(C(=O)CCc4ccc(O)cc4)c(O)c3)[C@@H](O)C(O)[C@@H]1O
Angoluvarin;COc1cc(O)c(Cc2cc(Cc3ccccc3O)ccc2O)c(O)c1C(=O)CCc4ccccc4
Anguvetin;COc1c(C)c(O)c(Cc2ccccc2O)c(O)c1C(=O)CCc3ccccc3
Asebogenin;COc1cc(O)c(C(=O)CCc2ccc(O)cc2)c(O)c1
Asebotin;COc1cc(O)c(C(=O)CCc2ccc(O)cc2)c(O[C@@H]3O[C@H](CO)[C@@H](O)[C@H](O)[C@H]3O)c1
Aspalathin;OC[C@H]1OC([C@@H](O)[C@H](O)[C@@H]1O)c2c(O)cc(O)c(C(=O)CCc3ccc(O)c(O)c3)c2O
Balsacone A;COc1cc(O)c(C(=O)CCc2ccc(O)cc2)c(O)c1C\C=C\c3ccc(O)cc3
Balsacone B;COc1ccc(CCC(=O)c2c(O)cc(O)c(C\C=C\c3ccc(O)cc3)c2O)cc1
Balsacone C;Oc1ccc(\C=C\Cc2c(O)cc(O)c(C(=O)CCc3ccccc3)c2O)cc1
Balsacone P;Oc1ccc(\C=C\C[C@H]2Cc3c(O[C@@H]2c4ccc(O)cc4)cc(O)c(C(=O)CCc5ccccc5)c3O)cc1
Bidenoside B;COc1cc(OC)c(C(=O)CCc2ccc(O[C@@H]3O[C@H](CO)[C@@H](O)[C@H](O)C3O)cc2)c(OC)c1
Bipinnatone A;CC(=CCC\C(=C\CC\C(=C\Cc1cc(CCC(=O)c2c(O)cc(O)cc2O)ccc1O)\C)\C)C
Bipinnatone B;CC(=CCC\C(=C\Cc1cc(CCC(=O)c2c(O)cc(O)cc2O)ccc1O)\C)C
Brackenin (RR);Oc1ccc(C[C@@H]([C@H](Cc2ccc(O)cc2)C(=O)c3ccc(O)cc3O)C(=O)c4ccc(O)cc4O)cc1
Brackenin (RS);Oc1ccc(C[C@H]([C@H](Cc2ccc(O)cc2)C(=O)c3ccc(O)cc3O)C(=O)c4ccc(O)cc4O)cc1
Brackenin (SS);Oc1ccc(C[C@H]([C@@H](Cc2ccc(O)cc2)C(=O)c3ccc(O)cc3O)C(=O)c4ccc(O)cc4O)cc1
Calomelanen;COc1ccc(CCC(=O)c2c(O)cc(OC)cc2O)cc1
Calomelanol A (R);COc1ccc(CCC(=O)c2c(O)cc(O)c3[C@H](CC(=O)Oc23)c4ccccc4)cc1
Calomelanol A (S);COc1ccc(CCC(=O)c2c(O)cc(O)c3[C@@H](CC(=O)Oc23)c4ccccc4)cc1
Calomelanol B (R);Oc1ccc(CCC(=O)c2c(O)cc(O)c3[C@H](CC(=O)Oc23)c4ccccc4)cc1
Calomelanol B (S);Oc1ccc(CCC(=O)c2c(O)cc(O)c3[C@@H](CC(=O)Oc23)c4ccccc4)cc1
Calomelanol C (R);Oc1ccc(cc1)[C@H]2CC(=O)Oc3c2c(O)cc(O)c3C(=O)CCc4ccccc4
Calomelanol C (S);Oc1ccc(cc1)[C@@H]2CC(=O)Oc3c2c(O)cc(O)c3C(=O)CCc4ccccc4
Carambolaside A;C[C@H]1O[C@H]([C@H](O)[C@@H](O)[C@H]1O)c2c(O)cc(O)c(C(=O)CCc3ccc(O)cc3)c2O
Carambolaside B;OC[C@H]1O[C@H]([C@H](OC(=O)\C=C\c2ccccc2)[C@@H](O)[C@H]1O)c3c(O)cc(O)c(C(=O)CCc4ccc(O)cc4)c3O
Carambolaside C;C[C@H]1O[C@H]([C@H](O)[C@@H](O)[C@H]1O[C@@H]2O[C@H](CO)[C@@H](O)[C@H](O)[C@H]2O)c3c(O)cc(O)c(C(=O)CCc4ccc(O)cc4)c3O
Carambolaside D;C[C@H]1O[C@H]([C@H](OC(=O)\C=C\c2ccccc2)[C@@H](O)[C@H]1O[C@@H]3O[C@H](CO)[C@@H](O)[C@H](O)[C@H]3O)c4c(O)cc(O)c(C(=O)CCc5ccc(O)cc5)c4O
Carambolaside E;C[C@@H]1O[C@H](O[C@H]2[C@@H](O)[C@@H](C)O[C@H]([C@@H]2O)c3c(O)cc(O)c(C(=O)CCc4ccc(O)cc4)c3O)[C@@H](O)[C@H](O)[C@@H]1O
Carambolaside F;C[C@H]1O[C@@H](O[C@H]2[C@@H](O)[C@@H](C)O[C@@H]([C@@H]2OC(=O)\C=C\c3ccccc3)c4c(O)cc(O)c(C(=O)CCc5ccc(O)cc5)c4O)[C@H](O)[C@@H](O)[C@H]1O
Carambolaside G;C[C@H]1O[C@@H](O[C@H]2[C@@H](O)[C@@H](C)O[C@@H]([C@@H]2OC(=O)\C=C/c3ccccc3)c4c(O)cc(O)c(C(=O)CCc5ccc(O)cc5)c4O)[C@H](O)[C@@H](O)[C@H]1O
Carambolaside I;C[C@@H]1O[C@@H](O[C@@H]2[C@@H](O)[C@H](CO)O[C@H]2Oc3cc(O)c([C@@H]4O[C@H](C)[C@H](O)[C@H](O)[C@H]4OC(=O)\C=C\c5ccccc5)c(O)c3C(=O)CCc6ccc(O)cc6)[C@H](O)[C@H](O)[C@H]1O
Carambolaside Ia;C[C@@H]1O[C@@H](O[C@@H]2[C@@H](O)[C@H](CO)O[C@H]2Oc3cc(O)c([C@@H]4O[C@H](C)[C@H](O)[C@H](O)[C@H]4O)c(O)c3C(=O)CCc5ccc(O)cc5)[C@H](O)[C@H](O)[C@H]1O
Carambolaside Ja;C[C@H]1O[C@@H](O[C@H]2[C@@H](O)[C@@H](C)O[C@H]([C@@H]2O)c3c(O)cc(O[C@@H]4O[C@@H](CO)[C@H](O)[C@H]4O[C@@H]5O[C@@H](C)[C@H](O)[C@@H](O)[C@H]5O)c(C(=O)CCc6ccc(O)cc6)c3O)[C@H](O)[C@@H](O)[C@H]1O
Castillene E (R);O[C@H](Cc1ccccc1)C(=O)c2ccc3occc3c2O
Castillene E (S);O[C@@H](Cc1ccccc1)C(=O)c2ccc3occc3c2O
Ceratiolin (R);CC1=C(O)[C@@](C)(O)C(=O)C(=C1O)C(=O)CCc2ccccc2
Ceratiolin (S);CC1=C(O)[C@](C)(O)C(=O)C(=C1O)C(=O)CCc2ccccc2
Chamuvaritin;Oc1ccccc1Cc2c(O)c(C(=O)CCc3ccccc3)c(O)c4Cc5ccccc5Oc24
Cinnabarone (R);COc1ccc(CC[C@H](c2ccc(O)cc2)c3cc(CCC(=O)c4ccc(O)cc4)c(O)cc3OC)c(O)c1
Cinnabarone (S);COc1ccc(CC[C@@H](c2ccc(O)cc2)c3cc(CCC(=O)c4ccc(O)cc4)c(O)cc3OC)c(O)c1
Coatline A;OC[C@H]1O[C@H]([C@H](O)[C@@H](O)[C@@H]1O)c2c(O)ccc(C(=O)[C@H](O)Cc3ccc(O)cc3)c2O
Coatline B;OC[C@H]1O[C@H]([C@H](O)[C@@H](O)[C@@H]1O)c2c(O)ccc(C(=O)[C@H](O)Cc3ccc(O)c(O)c3)c2O
Cochinchinenin (R);COc1cc(O)ccc1CC[C@H](c2ccc(O)cc2)c3cc(CCC(=O)c4ccc(O)cc4)c(O)cc3O
Cochinchinenin (S);COc1cc(O)ccc1CC[C@@H](c2ccc(O)cc2)c3cc(CCC(=O)c4ccc(O)cc4)c(O)cc3O
Cochinchinenin A;COc1cccc(OC)c1CCC(=O)c2ccc(O)cc2
Confusoside;OC[C@H]1O[C@@H](Oc2ccc(C(=O)CCc3ccc(O)cc3)c(O)c2)[C@H](O)[C@@H](O)[C@@H]1O
Corymbone A;Cc1c(O)c(C(CCc2ccccc2)C3=C(O)C(C)(C)C(=O)C(C)(C)C3=O)c(O)c(C(=O)CCc4ccccc4)c1O
Corymbone B;CC(C)CC(C1=C(O)C(C)(C)C(=O)C(C)(C)C1=O)c2c(O)c(C)c(O)c(C(=O)CCc3ccccc3)c2O
Crotaramin;COc1ccc(CCC(=O)c2ccc3OC(C)(C)C=Cc3c2O)cc1
Crotin;CC1(C)Oc2ccc(C(=O)CCc3ccc(O)c(O)c3)c(O)c2C=C1
Cycloaltisin 6;CC(=CCC\C(=C\Cc1c(O)c(O)c(cc1CCC(=O)c2ccc(O)cc2O)c3cc(O)c(O)c(C\C=C(/C)\CCC=C(C)C)c3CCC(=O)c4ccc(O)cc4O)\C)C
Daemonorol F;COc1cc(O)c(C)c(O)c1CCC(=O)c2ccccc2
Davidigenin;Oc1ccc(CCC(=O)c2ccc(O)cc2O)cc1
Davidioside;OC[C@H]1O[C@@H](Oc2cc(O)ccc2C(=O)CCc3ccc(O)cc3)[C@H](O)[C@@H](O)[C@@H]1O
Dennisic acid A;COc1cc(O)c(C(=O)CCc2ccccc2)c(O)c1C(C=C(C)C)c3cc(cc(CC=C(C)C)c3O)C(=O)O
Dihydro-rottlerin;CC(=O)c1c(O)c(C)c(O)c(Cc2c(O)c3C=CC(C)(C)Oc3c(C(=O)CCc4ccccc4)c2O)c1O
Dihydrocalythropsin;COc1ccc(C(=O)CCc2ccc(O)c(O)c2)c(O)c1
Dihydrochalcone M 1;CC(=CCC\C(=C\Cc1c(O)cc(O)c(C(=O)CCc2ccc(O)c(CC=C(C)C)c2)c1O)\C)C
Dihydrochalcone M 2;CC(=CCC\C(=C\Cc1c(O)cc(O)c(C(=O)CCc2ccc(O)cc2)c1O)\C)C
Dihydroflavokawain B;COc1cc(O)c(C(=O)CCc2ccccc2)c(OC)c1
Dihydrolophirone C;Oc1ccc(cc1)[C@H]2Oc3ccc(CCC(=O)c4ccc(O)cc4O)cc3[C@@H]2C(=O)c5ccc(O)cc5O
Dihydromonospermoside;OC[C@H]1O[C@@H](Oc2cc(CCC(=O)c3ccc(O)cc3O)ccc2O)[C@H](O)[C@@H](O)[C@@H]1O
Dihydropashanone;COc1cc(O)c(C(=O)CCc2ccccc2)c(O)c1OC
Diuvaretin;COc1c(Cc2ccccc2O)c(O)c(Cc3ccccc3O)c(O)c1C(=O)CCc4ccccc4
Elastichalcone A;CC(=CCc1c(O)c(cc2C=CC(C)(C)Oc12)C(=O)CCc3ccc(O)cc3)C
Elastichalcone B;CC(=CCc1c(O)c2OC(C)(C)CCc2cc1CCC(=O)c3ccc(O)cc3O)C
Erioschalcone A;COc1ccc(CCC(=O)c2ccc(O)c(CC=C(C)C)c2O)cc1
Erioschalcone B;CC(=CCc1c(O)ccc(C(=O)CCc2ccccc2)c1O)C
Evelynin A;COC1=CC(=O)C(=C(OC)C1=O)CCC(=O)c2ccc(OC)c(OC)c2
Evelynin B;COC1=CC(=O)C(=C(OC)C1=O)CCC(=O)c2ccc3OCOc3c2
Flavokavain C;COc1cc(O)c(C(=O)CCc2ccc(O)cc2)c(OC)c1
Flavokawine A;COc1ccc(CCC(=O)c2c(O)cc(OC)cc2OC)cc1
Fleminchalcone A;COc1ccc(CCC(=O)c2c(O)c(CC=C(C)C)c3OC(C)(C)C(O)Cc3c2O)cc1
Fleminchalcone B;COc1ccc(CCC(=O)c2ccc3OC(C)(C)C(O)Cc3c2O)cc1
Fleminchalcone C;COc1ccc(CCC(=O)c2c(O)c3C=CC(C)(C)Oc3c4CC(Oc24)C(C)(C)O)cc1
Flemingichalcone;COc1ccc(CCC(=O)c2c(O)c(CC=C(C)C)c(O)c3CC(Oc23)C(C)(C)O)cc1
Gancaonin J;CC(=CCc1cc(C(=O)CCc2ccc(O)cc2)c(O)c(CC=C(C)C)c1O)C
Glycyphyllin A;C[C@H]1O[C@@H](Oc2cc(O)cc(O)c2C(=O)CCc3ccc(O)cc3)[C@@H](O)[C@@H](O)[C@@H]1O
Glycyphyllin B;C[C@H]1O[C@@H](Oc2cc(O)cc(O)c2C(=O)CCc3ccc(O)c(O)c3)[C@@H](O)[C@@H](O)[C@@H]1O
Helihumulone;COC1(CC=C(C)C)C(=C(CC=C(C)C)C(=C(C(=O)CCc2ccccc2)C1=O)O)O
Hesperetin dihydrochalcone glucoside;COc1ccc(CCC(=O)c2c(O)cc(O[C@@H]3O[C@H](CO)[C@@H](O)[C@H](O)[C@H]3O)cc2O)cc1O
Hesperetin dihydrochalcone;COc1ccc(CCC(=O)c2c(O)cc(O)cc2O)cc1O
Hesperidin dihydrochalcone;COc1ccc(CCC(=O)c2c(O)cc(O[C@@H]3O[C@H](CO[C@H]4O[C@H](C)[C@@H](O)[C@H](O)[C@@H]4O)[C@@H](O)[C@H](O)[C@H]3O)cc2O)cc1O
Hexahydrokuraridin;COc1cc(O)c(CC(CCC(C)C)C(C)C)c(O)c1C(=O)CCc2ccc(O)cc2O
Hostmanin A;COc1cc(O)c(C(=O)CCc2ccccc2)c3O[C@]4(C)CC[C@@H](C(C)C)[C@@H](C4)c13
Hostmanin B;COc1cc(O)c(C(=O)CCc2ccccc2)c3O[C@]4(C)CC[C@H](C(C)C)[C@@H](C4)c13
Hostmanin C;COc1cc(O)c(C(=O)CCc2ccccc2)c3O[C@H]4[C@H]([C@H](CC[C@@]4(C)O)C(C)C)c13
Iryantherin A (R);COc1ccc(CCC(=O)c2c(O)c([C@H](C=C)c3ccc(O)cc3)c(O)cc2OC)cc1
Iryantherin A (S);COc1ccc(CCC(=O)c2c(O)c([C@@H](C=C)c3ccc(O)cc3)c(O)cc2OC)cc1
Iryantherin B;COc1ccc(CCC(=O)c2c(O)c([C@H]([C@H](C)[C@@H](C)Cc3ccc(O)cc3)c4ccc(O)cc4)c(O)cc2OC)cc1
Iryantherin C;COc1ccc(CCC(=O)c2c(O)c3C(C(C)C(C)Cc4ccc(O)cc4)c5cc(O)c(O)cc5Oc3cc2OC)cc1
Iryantherin F (R);COc1ccc(CCC(=O)c2c(O)c3CC(Oc3cc2OC)C(c4cc(O)c(O)cc4O)c5c(O)cc(OC)c(C(=O)CCc6ccc(OC)cc6)c5O)cc1
Iryantherin F (S);COc1ccc(CCC(=O)c2c(O)c3CC(Oc3cc2OC)[C@@H](c4cc(O)c(O)cc4O)c5c(O)cc(OC)c(C(=O)CCc6ccc(OC)cc6)c5O)cc1
Iryantherin G;COc1ccc(CCC(=O)c2c(O)cc(O)c([C@H]([C@H](C)[C@@H](C)Cc3ccc(O)cc3)c4ccc(O)cc4)c2O)cc1
Iryantherin H;COc1ccc(CCC(=O)c2c(O)cc(O)c([C@H]([C@@H](C)[C@H](C)Cc3ccc(O)cc3)c4ccc(O)cc4)c2O)cc1
Iryantherin I;COc1cc(O)c([C@H]([C@H](C)[C@@H](C)Cc2ccc(O)cc2)c3ccc(O)cc3)c(O)c1C(=O)CCc4ccc5OCOc5c4
Iryantherin J;C[C@H](Cc1ccc(O)cc1)[C@H](C)[C@H](c2ccc(O)cc2)c3c(O)cc(O)c(C(=O)CCc4ccc5OCOc5c4)c3O
Iryantherin K;COc1ccc(CCC(=O)c2c(O)c([C@@H]([C@H](C)[C@@H](C)Cc3ccc(O)cc3)c4ccc(O)cc4)c(O)cc2OC)cc1
Ismaeloside A;OC[C@H]1O[C@@H](Oc2cc(O)ccc2C(=O)[C@H](O)Cc3ccc(O)cc3)[C@H](O)[C@@H](O)[C@@H]1O
Isochamuvaritin;Oc1ccccc1Cc2c(O)c3Cc4ccccc4Oc3c(C(=O)CCc5ccccc5)c2O
Isomacatrichocarpin C;CC(=CCc1cc(CCC(=O)c2c(O)cc(O)cc2O)ccc1O)C
Isosakuranetin dihydrochalcone;COc1ccc(CCC(=O)c2c(O)cc(O)cc2O)cc1
Isotriuvaretin;COc1c(Cc2ccccc2O)c(O)c(Cc3cc(Cc4ccccc4O)ccc3O)c(O)c1C(=O)CCc5ccccc5
Isouvaretin;COc1c(Cc2ccccc2O)c(O)cc(O)c1C(=O)CCc3ccccc3
Kanzonol Y;CC(=CCc1cc(C[C@@H](O)C(=O)c2cc(CC=C(C)C)c(O)cc2O)ccc1O)C
Kwangsienin B;COc1c(O)c(OC)c(C(=O)CCc2ccccc2)c(O)c1OC
Licoagroside F;OC[C@@H]1O[C@H](O[C@@H](Cc2ccc(O)cc2)C(=O)c3ccc(O)cc3O)[C@@H](O)[C@H](O)[C@H]1O
Littorachalcone;Oc1ccc(C(=O)CCc2ccc(Oc3ccc(CCC(=O)c4ccc(O)cc4O)cc3O)cc2)c(O)c1
Longicaudatin;COC(=O)c1ccc(O)c(c1)c2oc3c(C(=O)CCc4ccccc4)c(O)cc(OC)c3c2
Loureirin A;COc1ccc(CCC(=O)c2ccc(O)cc2)c(OC)c1
Loureirin B;COc1cc(OC)c(CCC(=O)c2ccc(O)cc2)c(OC)c1
Loureirin C;COc1cc(O)ccc1CCC(=O)c2ccc(O)cc2
Loureirin D;COc1cc(O)cc(O)c1CCC(=O)c2ccc(O)cc2
Lusianin;COc1ccc(CCC(=O)c2ccc(O)c(OC)c2O)cc1
Macatrichocarpin C;COc1ccc(CCC(=O)c2c(O)cc(O)cc2O)cc1CC=C(C)C
Macatrichocarpin D;COc1cc(O)c(C(=O)CCc2ccc(OC)c(CC=C(C)C)c2)c(O)c1
Myrigalone A;CC1C(=O)C(C(=O)CCc2ccccc2)C(=O)C(C)(C)C1=O
Myrigalone B;COc1c(C)c(O)c(C(=O)CCc2ccccc2)c(O)c1C
Myrigalone D;COc1c(C)c(O)c(C)c(O)c1C(=O)CCc2ccccc2
Myrigalone E;COc1cc(OC)c(C(=O)CCc2ccccc2)c(O)c1C
Myrigalone G;COc1cc(O)c(C(=O)CCc2ccccc2)c(O)c1C
Myrigalone H;COc1cc(O)c(C)c(O)c1C(=O)CCc2ccccc2
naringin-dihydrochalcone;C[C@H]1O[C@H](O[C@@H]2[C@@H](O)[C@H](O)[C@@H](CO)O[C@H]2Oc3cc(O)c(C(=O)CCc4ccc(O)cc4)c(O)c3)C(O)C(O)[C@@H]1O
Neoeriocitrin dihydrochalcone;C[C@H]1O[C@H](O[C@@H]2C(O)[C@H](O)[C@@H](CO)O[C@H]2Oc3cc(O)c(C(=O)CCc4ccc(O)c(O)c4)c(O)c3)C(O)C(O)[C@@H]1O
Neohesperidin dihydrochalcone;COc1cc(CCC(=O)c2c(O)cc(O[C@@H]3O[C@H](CO)[C@@H](O)[C@H](O)[C@H]3O[C@@H]4O[C@@H](C)[C@H](O)[C@@H](O)[C@H]4O)cc2O)ccc1O
not_in_scifinder_1;COc1cc(O)c(C(=O)CCc2ccc(O)c(O)c2)c(O)c1
not_in_scifinder_10;COC1(CC=C(C)C)CC=C(O)C(C(=O)CCc2ccc(O)cc2)C1=O
not_in_scifinder_11;CC1(C)COc2ccc(CCC(=O)c3c(O)cc4OC(C)(C)CCc4c3O)cc2C1
not_in_scifinder_12;CC1(C)CCc2c(O)c(C(=O)CCc3ccc4C[C@@H]5C(C)(C)CCC[C@]5(C)Oc4c3)c(O)cc2O1
not_in_scifinder_13;O[C@@H]1CO[C@@H](O[C@H](Cc2ccc(O)c(O)c2)C(=O)c3ccc(O)cc3O)C(O)C1O
not_in_scifinder_14;O[C@H]1[C@H](O)[C@@H](COC(=O)c2ccc(O)cc2)O[C@@H](Oc3cc(O)c(C(=O)CCc4ccc(O)c(O)c4)c(O)c3)[C@@H]1O
not_in_scifinder_15;OC[C@H]1O[C@@H](Oc2cc(O)c(C(=O)CCc3ccccc3O)c(O)c2)[C@H](O)[C@@H](OC(=O)c4ccc(O)cc4)[C@@H]1OC(=O)c5ccc(O)cc5
not_in_scifinder_16;O[C@H]1[C@H](Oc2cc(O)c(C(=O)CCc3ccccc3O)c(O)c2)O[C@H](COC(=O)c4ccc(O)cc4)[C@@H](OC(=O)c5ccc(O)cc5)[C@@H]1O
not_in_scifinder_18;COc1cc(CCC(=O)c2c(O)cccc2O)cc(OC)c1OC
not_in_scifinder_19;COc1c(O)cc(cc1O)C(=O)CCc2ccc(O)cc2
not_in_scifinder_20;COc1ccc(cc1)C(=O)CCc2c(O)c(C)c(O)c(C)c2O
not_in_scifinder_21;Oc1cc(O)c(C(=O)CCc2ccccc2O)c(O)c1
not_in_scifinder_22;Oc1cccc(CCC(=O)c2ccc(O)cc2O)c1
not_in_scifinder_4;COc1ccc(CCC(=O)c2c(O)c(C)cc(C)c2O)cc1
not_in_scifinder_6;COc1cc(OC)c(C(=O)CCc2ccc(O)cc2)c(O)c1O
not_in_scifinder_7;COc1c(O)c(OC)c(C(=O)CCc2ccccc2)c(OC)c1O
not_in_scifinder_8;COc1ccc(CCC(=O)c2ccc(OC)c(OC)c2OC)c(O)c1O
not_in_scifinder_9;COC(=O)c1ccc(O[C@H](C=C(C)C)c2c(O)c(C(=O)CCc3ccc(O)cc3)c(O)cc2OC)c(O)c1
Nothofagin;OC[C@H]1O[C@H]([C@H](O)[C@@H](O)[C@@H]1O)c2c(O)cc(O)c(C(=O)CCc3ccc(O)cc3)c2O
Ovalitenin B;CO[C@@H](CC(=O)c1ccc2occc2c1OC)c3ccccc3
Oxymacatrichocarpin C;COc1ccc(CCC(=O)c2c(O)cc(O)cc2O)cc1CC(O)C(=C)C
Phloretin 3',5'-di-C-glucoside;OC[C@H]1O[C@H]([C@H](O)[C@@H](O)[C@@H]1O)c2c(O)c([C@@H]3O[C@H](CO)[C@@H](O)[C@H](O)[C@H]3O)c(O)c(C(=O)CCc4ccc(O)cc4)c2O
Phloretin tetraacetate;CC(=O)Oc1ccc(CCC(=O)c2c(OC(=O)C)cc(OC(=O)C)cc2OC(=O)C)cc1
Phloretin xyloglucoside;O[C@H]1CO[C@H](OC[C@H]2O[C@@H](Oc3cc(O)cc(O)c3C(=O)CCc4ccc(O)cc4)[C@H](O)[C@@H](O)[C@@H]2O)[C@@H](O)[C@@H]1O
Phloretin;Oc1ccc(CCC(=O)c2c(O)cc(O)cc2O)cc1
Phloridzin;OC[C@H]1O[C@@H](Oc2cc(O)cc(O)c2C(=O)CCc3ccc(O)cc3)[C@H](O)[C@@H](O)[C@@H]1O
Pierotin A;COc1cc(O)c(C(=O)CCc2ccc(O)cc2)c(O)c1Cc3c(O)c(C(=O)CCc4ccc(O)cc4)c(O)cc3OC
Pierotin B;COc1cc(O)c(C(=O)CCc2ccc(O)cc2)c3oc4cc(O)c(O)cc4c13
Piperaduncin A;COC(=O)c1ccc(OC(C=C(C)C)c2c(O)c(C(=O)CCc3ccccc3)c(O)cc2OC)c(O)c1
Piperaduncin B;COC(=O)c1ccc(O)c(c1)[C@H]2[C@@H](Oc3c2c(OC)cc(O)c3C(=O)CCc4ccccc4)C(C)(C)O
Piperaduncin C;COc1cc(O)c(C(=O)CCc2ccccc2)c(O)c1Cc3c(O)c(C(=O)CCc4ccccc4)c(O)cc3OC
Polygonatone D;COc1cc(O)c(C)c(O)c1C(=O)CCc2ccc(O)cc2
Ponganone IX;COC(CC(=O)c1ccc2occc2c1OC)c3ccc4OCOc4c3
Ponganone VII;COc1ccc(C(=O)CCc2ccc3OCOc3c2)c(OC)c1
Ponganone VIII;COC(CC(=O)c1cc(OC)c2OC(C)(C)C=Cc2c1OC)c3ccc4OCOc4c3
Rhodomyrtosone E;CC(C)CC1C2=C(Oc3cc(O)c(C(=O)CCc4ccccc4)c(O)c13)C(C)(C)C(=O)C(C)(C)C2=O
Rocymosin B;OC[C@H]1O[C@@H](Oc2cc(O)ccc2C(=O)CC(O)c3ccc(O)cc3)[C@H](O)[C@@H](O)[C@@H]1O
Sakenin A;C\C(=C/Cc1c(O)c(O)ccc1CCC(=O)c2ccc(O)cc2O)\CCCC(C)(C)O
Sakenin B (R);C\C(=C/Cc1c(O)c(O)ccc1CCC(=O)c2ccc(O)cc2O)\CC[C@@H](O)C(C)(C)O
Sakenin B (S);C\C(=C/Cc1c(O)c(O)ccc1CCC(=O)c2ccc(O)cc2O)\CC[C@H](O)C(C)(C)O
Sakenin C (R);CC(=CCCC(=C)[C@H](O)Cc1c(O)c(O)ccc1CCC(=O)c2ccc(O)cc2O)C
Sakenin C (S);CC(=CCCC(=C)[C@@H](O)Cc1c(O)c(O)ccc1CCC(=O)c2ccc(O)cc2O)C
Sakenin D;CC1(C)[C@H](O)CC[C@]2(C)Oc3c(O)ccc(CCC(=O)c4ccc(O)cc4O)c3C[C@H]12
Sakenin E;CC1(C)Oc2c(O)ccc(CCC(=O)c3ccc(O)cc3O)c2[C@H]4[C@H](O)[C@](C)(O)CC[C@@H]14
Sakenin F (R);CC(=CCC[C@@](C)(O)C1Cc2c(CCC(=O)c3ccc(O)cc3O)ccc(O)c2O1)C
Sakenin F (S);CC(=CCC[C@](C)(O)C1Cc2c(CCC(=O)c3ccc(O)cc3O)ccc(O)c2O1)C
Sakenin G;Oc1ccc(C(=O)CCc2ccc(O)c3occc23)c(O)c1
Sakenin H (R);CO[C@H]1Cc2c(CCC(=O)c3ccc(O)cc3O)ccc(O)c2O1
Schoepfiajasmin A;OC[C@H]1OC([C@H](O[C@@H]2OC[C@](O)(CO)[C@H]2O)[C@@H](O)[C@@H]1O)c3c(O)ccc(C(=O)CCc4ccccc4)c3O
Schoepfiajasmin B;OC[C@H]1OC([C@H](O[C@@H]2OC[C@](O)(CO)[C@H]2O)[C@@H](O)[C@@H]1O)c3c(O)ccc(C(=O)CCc4ccc(O)cc4)c3O
Schoepfiajasmin C;OC[C@H]1O[C@H]([C@H](O[C@@H]2OC[C@](O)(CO)[C@H]2O)[C@@H](O)[C@@H]1O)c3c(O)ccc(C(=O)CCc4cccc(O)c4)c3O
Schoepfiajasmin D;OC[C@H]1O[C@@H](Oc2ccc(C(=O)CCc3ccccc3)c(O[C@@H]4O[C@H](CO)[C@@H](O)[C@H](O)[C@H]4O)c2)[C@H](O)[C@@H](O)[C@@H]1O
Schoepfin A;OC[C@H]1O[C@H]([C@H](O)[C@@H](O)[C@@H]1O)c2c(O)ccc(C(=O)CCc3ccc(O)cc3)c2O
Schoepfin B;OC[C@H]1O[C@H]([C@H](O)[C@@H](O)[C@@H]1O)c2c(O)ccc(C(=O)CCc3ccccc3)c2O
Sieboldin;OC[C@H]1O[C@@H](Oc2cc(O)c(C(=O)CCc3ccc(O)c(O)c3)c(O)c2)[C@H](O)[C@@H](O)[C@@H]1O
Taccabulin A;COc1cc(OC)c(CCC(=O)c2ccc(OC)c(O)c2)c(OC)c1
Taccabulin B;COc1ccc(cc1OC)C(=O)CCc2c(OC)cc(OC)c(OC)c2OC
Taccabulin C;COc1cc(O)c(CCC(=O)c2ccc(O)c(OC)c2)c(OC)c1
Taccabulin D;COc1cc(OC)c(CCC(=O)c2ccc(O)c(OC)c2)c(OC)c1
Taccabulin E;COc1cc(OC)c(CCC(O)c2ccc3OCOc3c2)c(OC)c1
Tetrahydro-rottlerin;CC(=O)c1c(O)c(C)c(O)c(Cc2c(O)c3CCC(C)(C)Oc3c(C(=O)CCc4ccccc4)c2O)c1O
Thalassodendrone;COc1cc(O)c(C(=O)CCc2ccc(O)cc2)c(O[C@H]3O[C@H](CO[C@H]4O[C@@H](C)[C@H](O)[C@@H](O)[C@H]4O)[C@@H](O)[C@H](O)[C@H]3O)c1
Trianguletin;COc1ccc(cc1)C2=C(O)C(=O)c3c(O)cc(O)c(Cc4c(O)c(C(=O)CCc5ccccc5)c(O)c(C)c4OC)c3O2
Trilobatin-2-acetat;CC(=O)O[C@@H]1[C@@H](O)[C@H](O)[C@@H](CO)O[C@H]1Oc2cc(O)c(C(=O)CCc3ccc(O)cc3)c(O)c2
Trilobatin;OC[C@H]1O[C@@H](Oc2cc(O)c(C(=O)CCc3ccc(O)cc3)c(O)c2)[C@H](O)[C@@H](O)[C@@H]1O
Triuvaretin;COc1c(Cc2cc(Cc3ccccc3O)ccc2O)c(O)c(Cc4ccccc4O)c(O)c1C(=O)CCc5ccccc5
Uvangoletin;COc1cc(O)cc(O)c1C(=O)CCc2ccccc2
Uvaretin;COc1cc(O)c(Cc2ccccc2O)c(O)c1C(=O)CCc3ccccc3
Vacciniifolin;OC[C@H]1O[C@@H](Oc2ccc(C(=O)CCc3ccc(O)c(O)c3)c(O)c2)[C@H](O)[C@@H](O)[C@@H]1O
Verbenachalcone;COc1cc(CCC(=O)c2ccc(O)cc2O)ccc1Oc3cc(CCC(=O)c4ccc(O)cc4O)ccc3O
Zosterin;CC(=O)Oc1cc(O[C@@H]2O[C@H](CO)[C@@H](O)[C@H](O)[C@H]2O)c(C(=O)CCc3ccc(O)cc3)c(OC(=O)C)c1
